"alpha","beta"
1.31148482292308,1
1.7347176072142,2.27574721751099
1.37142345806509,2.85381132113165
