type,name,kldm,k_0,k_1,k_2,k_3,k_4,k_5,k_6,k_7,k_8,k_9
dppprg,results_2_1e-1,-2.226016364185512,-0.8347148895706278,-1.47109631296727,-1.8359314775634905,-2.0676493495896002,-2.2512849808360675,-2.407132444064348,-2.5694227210107785,-2.819987902919606,-2.9284075380695542,-3.0745360252637743
dppprgln,results_2_1e-1,-1.617754151400554,-0.21881677307167724,-0.8219744213408839,-1.147051052174361,-1.4222657633552442,-1.6265459317581188,-1.830121186568472,-1.9958896292707893,-2.2408161424405604,-2.361434623021972,-2.5126259910034614
dpppg,results_2_1e-1,-1.2198946088413063,-0.06328260571832534,-0.5783921430925831,-0.8233999730724504,-1.0690925140892906,-1.2225399155497874,-1.3830090729017632,-1.516208150374447,-1.7404852748572663,-1.8414940267400572,-1.9610424120170942
dppn,results_2_1e-1,-1.337305172148049,-0.2952959004271145,-0.75209783418003,-0.9825755030905894,-1.151917539319089,-1.3182215030622908,-1.4632732891648876,-1.592276307477376,-1.828871047463248,-1.9275775696638258,-2.0609452276320406
