type,name,PPL_Linf,ES_Linf,PPL_Linf_F,ES_Linf_F
dppprg,results_2_1e-1,0.19680509903445073,0.17190196914946346,1.8179943011225594,0.7966297749064795
dppprgln,results_2_1e-1,0.21929850230926723,0.17363571140328307,1.8159466657244616,0.7966834278513593
dpppg,results_2_1e-1,0.7986728657822298,0.42572655563165357,1.8239773969295765,0.8029843373866636
dpppgln,results_2_1e-1,0.4259267272782271,0.2940236830014457,1.8163067239076094,0.7969422573416857
