type,name,PPL_Linf,ES_Linf
dppprg,results_2_1e-1,0.1950932245405536,0.17097190301828447
dppprgln,results_2_1e-1,0.21933238340034905,0.1734571273418094
dpppg,results_2_1e-1,0.8151691635917055,0.43099263471523946
dpppgln,results_2_1e-1,0.42542736850402413,0.2938394150352033
