type,name,PPL_Linf,ES_Linf
dppprg,results_2_1e-1,0.19455924983992118,0.1695427217144141
dppprgln,results_2_1e-1,0.23165415078283846,0.19228922490281233
dpppg,results_2_1e-1,0.7868651996850056,0.4178742321444062
dppn,results_2_1e-1,0.8414567237749008,0.4457191349902745
