type,name,PPL_Linf,ES_Linf
dphprg,results_2_1e-1,0.19076072724645143,0.1684596866521196
dphprgln,results_2_1e-1,0.22767251421127882,0.19092311665380496
dpprg,results_2_1e-1,0.20193737141250226,0.17609622993855553
dppn,results_2_1e-1,0.8424592981213711,0.4453853331485416
