type,name,PPL_Linf,ES_Linf
dppprg,results_2_1e-1,0.19645205676466387,0.1720596020718042
dppprgln,results_2_1e-1,0.21970249685498006,0.1733894746018193
dpppg,results_2_1e-1,0.7988325809459251,0.4257123198393824
dpppgln,results_2_1e-1,0.42524150686106044,0.293853089538623
