type,name,PPL_Linf,ES_Linf
dphprg,results_2_1e-1,0.19080217833927363,0.1685807838603609
dphprgln,results_2_1e-1,0.22726891759610007,0.19085045913868381
dphpg,results_2_1e-1,0.845426912961442,0.444493433366355
dppn,results_2_1e-1,0.8422746316987416,0.445352500044904
