type,name,kldm,k_0,k_1,k_2,k_3,k_4,k_5,k_6,k_7,k_8,k_9
dppprg,results_2_1e-1,9.313692824460379,22.091729248476913,16.03593988859648,12.711812877586365,10.519353612264098,8.58943660295256,7.078548956044447,5.717144962414005,4.5698051168871405,3.4073996706036573,2.4157573087781232
dppprgln,results_2_1e-1,4.0986383184952775,15.857883339609527,10.340623046365167,7.214669664038913,5.256165023765011,3.511722513610981,2.0808333332145557,0.768023545971757,-0.2827567700673863,-1.4109821546949681,-2.349798356860783
dpppg,results_2_1e-1,32.63011182282326,44.789467157419324,39.00104790735824,35.809971982267726,33.80676101295955,32.04021229720107,30.586693281286394,29.213887707600346,28.089544750213513,26.959776327982325,26.003755803944088
dppn,results_2_1e-1,23.207188188117463,33.802303364744446,28.598774114753876,26.245484567530887,24.310024288915365,22.752047772425115,21.45296975478062,20.241650295962533,19.19968330760038,18.183246700178834,17.28569771428256
