type,name,PPL_Linf,ES_Linf,PPL_Linf_F,ES_Linf_F
dppprg,results_2_1e-1,1.9412417950850143,0.7507453197231972,7.22176038215296,1.4418128982141127
dppprgln,results_2_1e-1,2.2284954332238027,0.7139496954483171,7.102441624524332,1.453142378382163
dpppg,results_2_1e-1,3.9481748870205235,1.168994339015418,6.871133840302717,1.5674827124036141
dpppgln,results_2_1e-1,2.194863051553936,0.7991003411323495,7.029464948180734,1.4783269484662516
