type,name,PPL_Linf,ES_Linf
dpppgln,results_2_1e-1,2.192888492332357,0.7993450108907587
