type,name,PPL_Linf,ES_Linf
dphprg,results_2_1e-1,2.0158844504334414,0.7766113910251814
dphprgln,results_2_1e-1,1.4569868940893413,0.5893290621675833
dpprg,results_2_1e-1,2.0375361774010825,0.7717008882946731
dppn,results_2_1e-1,8.023060790559102,1.609121523275301
