type,name,PPL_Linf,ES_Linf
dppprg,results_2_1e-1,1.940984751137116,0.7508396481747981
dppprgln,results_2_1e-1,2.2280532652617557,0.7137418441596284
dpppg,results_2_1e-1,3.9489179833233594,1.168546979264505
dpppgln,results_2_1e-1,2.196223337653541,0.7994753964845703
