type,name,PPL_Linf,ES_Linf
dphprg,results_2_1e-1,2.0185386410018036,0.7764647237924225
dphprgln,results_2_1e-1,1.4574151951705716,0.5892818048213337
dphpg,results_2_1e-1,6.3498027416436,1.6508868648597894
dppn,results_2_1e-1,8.024842484032352,1.610364461628416
