type,name,PPL_Linf,ES_Linf
dppprg,results_2_1e-1,1.623264964483418,0.6748230903917563
dppprgln,results_2_1e-1,1.4001841412148823,0.582057117011203
dpppg,results_2_1e-1,5.0403191174578525,1.3743164644633612
dppn,results_2_1e-1,8.022196759840215,1.6080644714322745
