if,lof,svm,aedp,ahdp,kedp,khdp,cone,ekde,hkde,lhkde,lekde,lskde,mlkde,metric
0.7624633042411282,0.7631655853700331,0.6474369804932786,0.5161092985802322,0.6860171072395329,0.5024400731740369,0.4810039402282648,0.5299847517938177,0.4587846746423353,0.35480993085021556,0.46469230680534745,0.46469230680534745,0.6321368157900475,0.6821856582266963,AuROC
0.13773053463086463,0.2719646488763451,0.1069790472660242,0.09576548551779876,0.44135530182760147,0.09343482440194456,0.09409418490633899,0.03363784388404828,0.09125979237255524,0.02705573400082142,0.02614437992906385,0.02614437992906385,0.03849947627004743,0.3848908388859149,AuPRC
