name,quantile,n_over_threshold,n_over_anom,total_cols,prevalence,raw_prevalence,N_raw_obsv,N_raw_anom,P_anom_pres,P_over_thre,OR_keep_anom
cardio,0.85,1430,173,36,0.12097902097902098,0.0961223375204806,1831,176,0.9829545454545454,0.780993992353905,16.170862470862236
cover,0.98,2546,194,18,0.07619795758051846,0.010173046670162559,19070,194,1.0,0.13350812794965916,2.9229175272062092e+16
mammography,0.95,2390,227,14,0.09497907949790795,0.023249575248144506,11183,260,0.8730769230769231,0.21371724939640527,25.307607455306165
pima,0.90,328,166,19,0.5060975609756098,0.3489583333333333,768,268,0.6194029850746269,0.4270833333333333,2.183165949306552
satellite,0.95,2301,687,58,0.2985658409387223,0.3163947163947164,6435,2036,0.337426326129666,0.3575757575757576,0.9149526956565438
annthyroid,0.85,1902,270,36,0.14195583596214512,0.075,3600,270,1.0,0.5283333333333333,4020563705191958.5
yeast,0.90,647,51,11,0.07882534775888717,0.06064690026954178,1484,90,0.5666666666666667,0.4359838274932615,1.6917132326715012
