Land,Services,Parks&Rec,Locality,Transportation
3502.0,27.0,96.0,1561.0,97.0
10013.122167825699,52.471749782562256,222.5228407382965,4623.794492006302,254.12018156051636
