svm,lof,forest,nMix,nCol
0.510592105261959,0.5959539473669943,0.5084210526303841,5,5
0.07591178367955274,0.07890069513592099,0.06596809382501256,5,5
0.5542434210513176,0.739950657892931,0.5225164473671907,5,10
0.08070238101691124,0.1395777236504406,0.06753441163121368,5,10
0.5738157894723156,0.5989309210511968,0.5655756578933931,10,5
0.17874924600159028,0.08079829491977947,0.06912675743139605,10,5
0.5094078947356463,0.5443914473671265,0.44544407894634097,10,10
0.07349618688161967,0.07749870540827387,0.05578858773531992,10,10
