pdr,pdra,pdp,pdpa,knn,knna,cone,conea,ppl,ppla,es,esa,nMix,nCol
0.5810690789459807,0.7143914473666858,0.4875493421041216,0.6174013157879937,0.6329440789458474,0.7186184210508851,0.47735197368309584,0.389687499999116,0.5279440789461205,0.7289638157877001,0.5062499999988092,0.6405756578931957,5,5
0.0787092365751395,0.11284196774545367,0.06367207006098072,0.09688460324743338,0.08624780380079435,0.10612398872211107,0.07003665893675716,0.08754140464144479,0.06981352910051801,0.10576971088022184,0.06557159829228952,0.07878946338093586,5,5
0.6423355263142437,0.67453947368258,0.5253947368408672,0.7903782894717489,0.7128453947351108,0.7116940789456403,0.33480263157820783,0.271677631578364,0.5635361842091879,0.70273026315619,0.5335032894724249,0.5961019736827865,5,10
0.10484717818868602,0.09474725531381764,0.06931596945133477,0.20866054339463758,0.1155817125449355,0.10873094307497463,0.05928653958368602,0.04366529723267084,0.07345607032199444,0.10025806661636714,0.06826696568111612,0.08902123507690389,5,10
0.5554769736828935,0.5383552631566129,0.5686513157881187,0.6530263157878999,0.5366118421039924,0.5310361842092669,0.441990131577929,0.4488980263147529,0.5601480263144568,0.5342763157882026,0.5589967105249861,0.520559210525084,10,5
0.07008166784557929,0.14253716588956095,0.06989800445538198,0.13532444142521002,0.07776621759208825,0.07006833097939189,0.058454201990008614,0.05328176983791967,0.06906978013483098,0.12911073584237678,0.06821000444508939,0.0946652252221086,10,5
0.47506578947257544,0.5915953947354267,0.4174999999990428,0.6924177631562173,0.5150986842093122,0.5839144736828186,0.5353289473671538,0.4629276315778607,0.4217598684200842,0.5994901315775112,0.41677631578851837,0.5242105263145547,10,10
0.06156667911520964,0.08066406807314823,0.05513723521643593,0.12002563003484921,0.0643414495875092,0.0814155401036434,0.07435439437277658,0.06996567581855391,0.05488727699944396,0.08075460985191509,0.05352514485062991,0.06569995179713299,10,10
