svm,lof,forest,nMix,nCol
0.510592105261959,0.5959539473669943,0.5075164473672269,5,5
0.07591178367955274,0.07890069513592099,0.06635011188576506,5,5
0.5542434210513176,0.739950657892931,0.5244901315777052,5,10
0.08070238101691124,0.1395777236504406,0.06722145478536112,5,10
0.5738157894723156,0.5989309210511968,0.562976973682872,10,5
0.17874924600159028,0.08079829491977947,0.06910165530688155,10,5
0.5093585526303832,0.5443914473671265,0.4588157894726216,10,10
0.07341554172033007,0.07749870540827387,0.05696130912621499,10,10
