pdr,pdra,pdp,pdpa,knn,knna,cone,conea,ppl,ppla,es,esa,nMix,nCol
0.5835690789459741,0.7152302631561571,0.4869901315778073,0.6050657894722365,0.6504111842089594,0.7495723684192249,0.4755756578936269,0.3907730263149026,0.5292105263145382,0.7344407894718962,0.5073519736830169,0.6489473684194895,5,5
0.07838777226968886,0.09967158168678646,0.06358104223446229,0.11067625392751852,0.09175878861026487,0.13238908323369467,0.06770636973115633,0.08777821566512127,0.0701916091983414,0.10656224049781386,0.06601956833091632,0.07995677447810791,5,5
0.648042763156334,0.6784539473667803,0.5249835526303421,0.7898519736822767,0.7145230263140538,0.7537006578928982,0.33299342105189017,0.26467105263101404,0.5662006578933916,0.7110361842087999,0.533766447367161,0.5970230263143631,5,10
0.10708394115784164,0.09375100677787229,0.06920953245247181,0.20503224954811203,0.1163698337566332,0.12373516239464245,0.05836463167297665,0.055841839190392054,0.07377942504084745,0.10278806135388917,0.0681726911329454,0.09093093367471186,5,10
0.5620559210512971,0.5479769736829001,0.5702631578933776,0.6574671052615724,0.5387664473671446,0.5322039473671619,0.4445230263147644,0.4548026315779003,0.5664309210512823,0.543371710525024,0.5610526315776123,0.5391611842092456,10,5
0.07120750404284515,0.12019858997093753,0.06986429702548669,0.13623471905589804,0.06762533952935365,0.0756738302623958,0.059909178955756495,0.05423194140047658,0.06989582618631075,0.10915377864923234,0.06863089379453424,0.11338522074190611,10,5
0.4790624999988808,0.5907894736827972,0.4174671052622007,0.6851480263141312,0.5171217105250997,0.6048355263143426,0.5402138157881967,0.45615131578840484,0.41978618420956315,0.5934374999985796,0.41447368420957714,0.5268256578934951,10,10
0.061426830383465025,0.07959501304753736,0.05515423938906851,0.12220613844457145,0.06864721875141341,0.08173336844106564,0.07624504707761035,0.07024083666951998,0.05462327858504808,0.079025491025068,0.05317416630957096,0.0787025754884663,10,10
