pdr,pdra,pdp,pdpa,knn,knna,cone,conea,ppl,ppla,es,esa,kde,kdea,nMix,nCol
0.5824835526301875,0.723700657892977,0.48626644736728286,0.6175986842090456,0.6557236842089454,0.7391940789455679,0.4773848684199378,0.39121710526226483,0.5312828947355854,0.7393421052613569,0.509391447367222,0.6482401315773861,0.4889967105251704,0.6062993421038122,5,5
0.07863299983839327,0.10318788061388169,0.0634934607255656,0.09774618518553162,0.10230092569951209,0.123560399405573,0.06847975164114635,0.08771151093002688,0.07021282439950005,0.10934752487891197,0.06546466514911371,0.07984004346850535,0.0640640998943044,0.0927174448540647,5,5
0.6334868421037407,0.6576973684194665,0.5257401315777086,0.7943421052612122,0.6887828947351741,0.7385361842087275,0.3451315789466016,0.2884703947362146,0.5587993421039373,0.695690789471998,0.5313651315776938,0.5815131578933511,0.57236842105127,0.859062499997884,5,10
0.10137466246390443,0.09014250746803626,0.06935142375158916,0.23503390650246825,0.10663207275950246,0.12637079211358,0.060320779412156605,0.04429505921809762,0.07179659019260332,0.0968307458889132,0.06763291956667568,0.08692530531899968,0.07637683515986175,0.33210362117125986,5,10
0.5610032894723526,0.5391447368408181,0.569226973682854,0.665427631577341,0.5352631578934697,0.521381578946141,0.4421710526305601,0.4433881578937065,0.5660361842091782,0.5449506578934377,0.5645888157881293,0.5333881578934746,0.5838651315775523,0.6681743421036495,10,5
0.08371521220848739,0.12952161626114087,0.06965701381234365,0.1364346379575346,0.06336773326060559,0.06947226286896031,0.059118088852606894,0.05383251998957852,0.07040923548173388,0.12747937947018756,0.06916853298092708,0.1169003536751336,0.08521037147186279,0.13351979603659875,10,5
0.4681414473673306,0.5804440789459823,0.41717105263062254,0.6948026315772635,0.517055921051409,0.607499999998546,0.5365131578934696,0.44814144736737327,0.42029605263061437,0.5842105263143935,0.4113486842095853,0.5130592105251103,0.4368256578937288,0.7062335526298651,10,10
0.05908155689170264,0.0793461562748202,0.05512369533636949,0.12170621572785731,0.0787540826710251,0.0845147260723196,0.09019287134224088,0.06687990240533032,0.054065255422999794,0.0769351085432929,0.05287526834915973,0.07626837084214014,0.0691653152603002,0.13750486685103872,10,10
